{"train_rmse": [
        1.3515605926513672,
        1.270782709121704,
        1.4031703472137451,
        1.2392747402191162,
        1.2303415536880493,
        1.3531895875930786
    ], "train_mae": [
        0.68271404504776,
        0.7394961714744568,
        0.797867476940155,
        0.6598625183105469,
        0.6935650110244751,
        0.8155342936515808
    ], "val_rmse": [
        3.621305465698242,
        3.609234094619751,
        3.7155046463012695,
        3.6028313636779785,
        3.575049638748169,
        3.6015055179595947
    ], "val_mae": [
        1.7864898443222046,
        1.8438656330108643,
        1.6936558485031128,
        1.7112706899642944,
        1.7580480575561523,
        1.9013222455978394
    ]
}